15000,picture,nback,False,imag13.png
15600,picture,nback,False,grey.png
15700,picture,nback,False,mask.png
15900,picture,nback,False,grey.png
16000,picture,nback,False,imag4.png
16600,picture,nback,False,grey.png
16700,picture,nback,False,mask.png
16900,picture,nback,False,grey.png
17000,picture,nback,False,imag24.png
17600,picture,nback,False,grey.png
17700,picture,nback,False,mask.png
17900,picture,nback,False,grey.png
18000,picture,nback,False,imag19.png
18600,picture,nback,False,grey.png
18700,picture,nback,False,mask.png
18900,picture,nback,False,grey.png
19000,picture,nback,False,imag28.png
19600,picture,nback,False,grey.png
19700,picture,nback,False,mask.png
19900,picture,nback,False,grey.png
20000,picture,nback,True,imag28.png
20600,picture,nback,False,grey.png
20700,picture,nback,False,mask.png
20900,picture,nback,False,grey.png
21000,picture,nback,False,imag25.png
21600,picture,nback,False,grey.png
21700,picture,nback,False,mask.png
21900,picture,nback,False,grey.png
22000,picture,nback,False,imag2.png
22600,picture,nback,False,grey.png
22700,picture,nback,False,mask.png
22900,picture,nback,False,grey.png
23000,picture,nback,False,imag3.png
23600,picture,nback,False,grey.png
23700,picture,nback,False,mask.png
23900,picture,nback,False,grey.png
24000,picture,nback,False,imag13.png
24600,picture,nback,False,grey.png
24700,picture,nback,False,mask.png
24900,picture,nback,False,grey.png
25000,picture,nback,False,imag21.png
25600,picture,nback,False,grey.png
25700,picture,nback,False,mask.png
25900,picture,nback,False,grey.png
26000,picture,nback,False,imag26.png
26600,picture,nback,False,grey.png
26700,picture,nback,False,mask.png
26900,picture,nback,False,grey.png
27000,picture,nback,False,imag16.png
27600,picture,nback,False,grey.png
27700,picture,nback,False,mask.png
27900,picture,nback,False,grey.png
28000,picture,nback,True,imag16.png
28600,picture,nback,False,grey.png
28700,picture,nback,False,mask.png
28900,picture,nback,False,grey.png
29000,picture,nback,False,imag29.png
29600,picture,nback,False,grey.png
29700,picture,nback,False,mask.png
29900,picture,nback,False,grey.png
30000,picture,nback,True,imag29.png
30600,picture,nback,False,grey.png
30700,picture,nback,False,mask.png
30900,picture,nback,False,grey.png
31000,picture,nback,False,imag21.png
31600,picture,nback,False,grey.png
31700,picture,nback,False,mask.png
31900,picture,nback,False,grey.png
32000,picture,nback,False,imag13.png
32600,picture,nback,False,grey.png
32700,picture,nback,False,mask.png
32900,picture,nback,False,grey.png
33000,picture,nback,False,imag5.png
33600,picture,nback,False,grey.png
33700,picture,nback,False,mask.png
33900,picture,nback,False,grey.png
34000,picture,nback,False,imag24.png
34600,picture,nback,False,grey.png
34700,picture,nback,False,mask.png
34900,picture,nback,False,grey.png
35000,picture,nback,True,imag24.png
35600,picture,nback,False,grey.png
35700,picture,nback,False,mask.png
35900,picture,nback,False,grey.png
36000,picture,nback,False,imag17.png
36600,picture,nback,False,grey.png
36700,picture,nback,False,mask.png
36900,picture,nback,False,grey.png
37000,picture,nback,False,imag4.png
37600,picture,nback,False,grey.png
37700,picture,nback,False,mask.png
37900,picture,nback,False,grey.png
38000,picture,nback,False,imag11.png
38600,picture,nback,False,grey.png
38700,picture,nback,False,mask.png
38900,picture,nback,False,grey.png
39000,picture,nback,False,imag6.png
39600,picture,nback,False,grey.png
39700,picture,nback,False,mask.png
39900,picture,nback,False,grey.png
40000,picture,nback,False,imag11.png
40600,picture,nback,False,grey.png
40700,picture,nback,False,mask.png
40900,picture,nback,False,grey.png
41000,picture,nback,False,imag18.png
41600,picture,nback,False,grey.png
41700,picture,nback,False,mask.png
41900,picture,nback,False,grey.png
42000,picture,nback,False,imag21.png
42600,picture,nback,False,grey.png
42700,picture,nback,False,mask.png
42900,picture,nback,False,grey.png
43000,picture,nback,False,imag18.png
43600,picture,nback,False,grey.png
43700,picture,nback,False,mask.png
43900,picture,nback,False,grey.png
44000,picture,nback,True,imag18.png
44600,picture,nback,False,grey.png
44700,picture,nback,False,mask.png
44900,picture,nback,False,grey.png
45000,picture,nback,False,imag21.png
45600,picture,nback,False,grey.png
45700,picture,nback,False,mask.png
45900,picture,nback,False,grey.png
46000,picture,nback,True,imag21.png
46600,picture,nback,False,grey.png
46700,picture,nback,False,mask.png
46900,picture,nback,False,grey.png
47000,picture,nback,False,imag25.png
47600,picture,nback,False,grey.png
47700,picture,nback,False,mask.png
47900,picture,nback,False,grey.png
48000,picture,nback,True,imag25.png
48600,picture,nback,False,grey.png
48700,picture,nback,False,mask.png
48900,picture,nback,False,grey.png
49000,picture,nback,False,imag10.png
49600,picture,nback,False,grey.png
49700,picture,nback,False,mask.png
49900,picture,nback,False,grey.png
50000,picture,nback,False,imag27.png
50600,picture,nback,False,grey.png
50700,picture,nback,False,mask.png
50900,picture,nback,False,grey.png
51000,picture,nback,False,imag12.png
51600,picture,nback,False,grey.png
51700,picture,nback,False,mask.png
51900,picture,nback,False,grey.png
52000,picture,nback,False,imag27.png
52600,picture,nback,False,grey.png
52700,picture,nback,False,mask.png
52900,picture,nback,False,grey.png
53000,picture,nback,False,imag28.png
53600,picture,nback,False,grey.png
53700,picture,nback,False,mask.png
53900,picture,nback,False,grey.png
54000,picture,nback,False,imag3.png
54600,picture,nback,False,grey.png
54700,picture,nback,False,mask.png
54900,picture,nback,False,grey.png
55000,picture,nback,False,imag10.png
55600,picture,nback,False,grey.png
55700,picture,nback,False,mask.png
55900,picture,nback,False,grey.png
56000,picture,nback,False,imag9.png
56600,picture,nback,False,grey.png
56700,picture,nback,False,mask.png
56900,picture,nback,False,grey.png
57000,picture,nback,False,imag27.png
57600,picture,nback,False,grey.png
57700,picture,nback,False,mask.png
57900,picture,nback,False,grey.png
58000,picture,nback,True,imag27.png
58600,picture,nback,False,grey.png
58700,picture,nback,False,mask.png
58900,picture,nback,False,grey.png
59000,picture,nback,False,imag14.png
59600,picture,nback,False,grey.png
59700,picture,nback,False,mask.png
59900,picture,nback,False,grey.png
60000,picture,nback,True,imag14.png
60600,picture,nback,False,grey.png
60700,picture,nback,False,mask.png
60900,picture,nback,False,grey.png
61000,picture,nback,False,imag27.png
61600,picture,nback,False,grey.png
61700,picture,nback,False,mask.png
61900,picture,nback,False,grey.png
62000,picture,nback,False,imag1.png
62600,picture,nback,False,grey.png
62700,picture,nback,False,mask.png
62900,picture,nback,False,grey.png
63000,picture,nback,False,imag24.png
63600,picture,nback,False,grey.png
63700,picture,nback,False,mask.png
63900,picture,nback,False,grey.png
64000,picture,nback,False,imag16.png
64600,picture,nback,False,grey.png
64700,picture,nback,False,mask.png
64900,picture,nback,False,grey.png
65000,picture,nback,True,imag16.png
65600,picture,nback,False,grey.png
65700,picture,nback,False,mask.png
65900,picture,nback,False,grey.png
66000,picture,nback,False,imag1.png
66600,picture,nback,False,grey.png
66700,picture,nback,False,mask.png
66900,picture,nback,False,grey.png
67000,picture,nback,False,imag19.png
67600,picture,nback,False,grey.png
67700,picture,nback,False,mask.png
67900,picture,nback,False,grey.png
68000,picture,nback,False,imag17.png
68600,picture,nback,False,grey.png
68700,picture,nback,False,mask.png
68900,picture,nback,False,grey.png
69000,picture,nback,False,imag18.png
69600,picture,nback,False,grey.png
69700,picture,nback,False,mask.png
69900,picture,nback,False,grey.png
70000,picture,nback,True,imag18.png
70600,picture,nback,False,grey.png
70700,picture,nback,False,mask.png
70900,picture,nback,False,grey.png
71000,picture,nback,False,imag13.png
71600,picture,nback,False,grey.png
71700,picture,nback,False,mask.png
71900,picture,nback,False,grey.png
72000,picture,nback,True,imag13.png
72600,picture,nback,False,grey.png
72700,picture,nback,False,mask.png
72900,picture,nback,False,grey.png
73000,picture,nback,False,imag19.png
73600,picture,nback,False,grey.png
73700,picture,nback,False,mask.png
73900,picture,nback,False,grey.png
74000,picture,nback,False,imag2.png
74600,picture,nback,False,grey.png
74700,picture,nback,False,mask.png
74900,picture,nback,False,grey.png
75000,picture,nback,False,imag7.png
75600,picture,nback,False,grey.png
75700,picture,nback,False,mask.png
75900,picture,nback,False,grey.png
76000,picture,nback,False,imag29.png
76600,picture,nback,False,grey.png
76700,picture,nback,False,mask.png
76900,picture,nback,False,grey.png
77000,picture,nback,False,imag19.png
77600,picture,nback,False,grey.png
77700,picture,nback,False,mask.png
77900,picture,nback,False,grey.png
78000,picture,nback,False,imag6.png
78600,picture,nback,False,grey.png
78700,picture,nback,False,mask.png
78900,picture,nback,False,grey.png
79000,picture,nback,False,imag14.png
79600,picture,nback,False,grey.png
79700,picture,nback,False,mask.png
79900,picture,nback,False,grey.png
80000,picture,nback,False,imag24.png
80600,picture,nback,False,grey.png
80700,picture,nback,False,mask.png
80900,picture,nback,False,grey.png
81000,picture,nback,False,imag8.png
81600,picture,nback,False,grey.png
81700,picture,nback,False,mask.png
81900,picture,nback,False,grey.png
82000,picture,nback,False,imag29.png
82600,picture,nback,False,grey.png
82700,picture,nback,False,mask.png
82900,picture,nback,False,grey.png
83000,picture,nback,False,imag10.png
83600,picture,nback,False,grey.png
83700,picture,nback,False,mask.png
83900,picture,nback,False,grey.png
84000,picture,nback,True,imag10.png
84600,picture,nback,False,grey.png
84700,picture,nback,False,mask.png
84900,picture,nback,False,grey.png
85000,picture,nback,False,imag11.png
85600,picture,nback,False,grey.png
85700,picture,nback,False,mask.png
85900,picture,nback,False,grey.png
86000,picture,nback,False,imag0.png
86600,picture,nback,False,grey.png
86700,picture,nback,False,mask.png
86900,picture,nback,False,grey.png
87000,picture,nback,False,imag8.png
87600,picture,nback,False,grey.png
87700,picture,nback,False,mask.png
87900,picture,nback,False,grey.png
88000,picture,nback,False,imag12.png
88600,picture,nback,False,grey.png
88700,picture,nback,False,mask.png
88900,picture,nback,False,grey.png
89000,picture,nback,False,imag4.png
89600,picture,nback,False,grey.png
89700,picture,nback,False,mask.png
89900,picture,nback,False,grey.png
90000,picture,nback,False,imag23.png
90600,picture,nback,False,grey.png
90700,picture,nback,False,mask.png
90900,picture,nback,False,grey.png
91000,picture,nback,False,imag27.png
91600,picture,nback,False,grey.png
91700,picture,nback,False,mask.png
91900,picture,nback,False,grey.png
92000,picture,nback,False,imag22.png
92600,picture,nback,False,grey.png
92700,picture,nback,False,mask.png
92900,picture,nback,False,grey.png
93000,picture,nback,False,imag17.png
93600,picture,nback,False,grey.png
93700,picture,nback,False,mask.png
93900,picture,nback,False,grey.png
94000,picture,nback,False,imag26.png
94600,picture,nback,False,grey.png
94700,picture,nback,False,mask.png
94900,picture,nback,False,grey.png
95000,picture,nback,True,imag26.png
95600,picture,nback,False,grey.png
95700,picture,nback,False,mask.png
95900,picture,nback,False,grey.png
96000,picture,nback,False,imag27.png
96600,picture,nback,False,grey.png
96700,picture,nback,False,mask.png
96900,picture,nback,False,grey.png
97000,picture,nback,False,imag25.png
97600,picture,nback,False,grey.png
97700,picture,nback,False,mask.png
97900,picture,nback,False,grey.png
98000,picture,nback,True,imag25.png
98600,picture,nback,False,grey.png
98700,picture,nback,False,mask.png
98900,picture,nback,False,grey.png
99000,picture,nback,False,imag9.png
99600,picture,nback,False,grey.png
99700,picture,nback,False,mask.png
99900,picture,nback,False,grey.png
100000,picture,nback,False,imag28.png
100600,picture,nback,False,grey.png
100700,picture,nback,False,mask.png
100900,picture,nback,False,grey.png
101000,picture,nback,False,imag10.png
101600,picture,nback,False,grey.png
101700,picture,nback,False,mask.png
101900,picture,nback,False,grey.png
102000,picture,nback,False,imag5.png
102600,picture,nback,False,grey.png
102700,picture,nback,False,mask.png
102900,picture,nback,False,grey.png
103000,picture,nback,False,imag24.png
103600,picture,nback,False,grey.png
103700,picture,nback,False,mask.png
103900,picture,nback,False,grey.png
104000,picture,nback,False,imag18.png
104600,picture,nback,False,grey.png
104700,picture,nback,False,mask.png
104900,picture,nback,False,grey.png
105000,picture,nback,True,imag18.png
105600,picture,nback,False,grey.png
105700,picture,nback,False,mask.png
105900,picture,nback,False,grey.png
106000,picture,nback,False,imag26.png
106600,picture,nback,False,grey.png
106700,picture,nback,False,mask.png
106900,picture,nback,False,grey.png
107000,picture,nback,True,imag26.png
107600,picture,nback,False,grey.png
107700,picture,nback,False,mask.png
107900,picture,nback,False,grey.png
108000,picture,nback,False,imag14.png
108600,picture,nback,False,grey.png
108700,picture,nback,False,mask.png
108900,picture,nback,False,grey.png
109000,picture,nback,False,imag26.png
109600,picture,nback,False,grey.png
109700,picture,nback,False,mask.png
109900,picture,nback,False,grey.png
110000,picture,nback,False,imag17.png
110600,picture,nback,False,grey.png
110700,picture,nback,False,mask.png
110900,picture,nback,False,grey.png
111000,picture,nback,True,imag17.png
111600,picture,nback,False,grey.png
111700,picture,nback,False,mask.png
111900,picture,nback,False,grey.png
112000,picture,nback,True,imag17.png
112600,picture,nback,False,grey.png
112700,picture,nback,False,mask.png
112900,picture,nback,False,grey.png
113000,picture,nback,False,imag11.png
113600,picture,nback,False,grey.png
113700,picture,nback,False,mask.png
113900,picture,nback,False,grey.png
114000,picture,nback,False,imag24.png
114600,picture,nback,False,grey.png
114700,picture,nback,False,mask.png
114900,picture,nback,False,grey.png
115000,picture,nback,False,imag23.png
115600,picture,nback,False,grey.png
115700,picture,nback,False,mask.png
115900,picture,nback,False,grey.png
116000,picture,nback,False,imag22.png
116600,picture,nback,False,grey.png
116700,picture,nback,False,mask.png
116900,picture,nback,False,grey.png
117000,picture,nback,True,imag22.png
117600,picture,nback,False,grey.png
117700,picture,nback,False,mask.png
117900,picture,nback,False,grey.png
118000,picture,nback,False,imag11.png
118600,picture,nback,False,grey.png
118700,picture,nback,False,mask.png
118900,picture,nback,False,grey.png
119000,picture,nback,False,imag13.png
119600,picture,nback,False,grey.png
119700,picture,nback,False,mask.png
119900,picture,nback,False,grey.png
120000,picture,nback,False,imag5.png
120600,picture,nback,False,grey.png
120700,picture,nback,False,mask.png
120900,picture,nback,False,grey.png
121000,picture,nback,True,imag5.png
121600,picture,nback,False,grey.png
121700,picture,nback,False,mask.png
121900,picture,nback,False,grey.png
122000,picture,nback,False,imag26.png
122600,picture,nback,False,grey.png
122700,picture,nback,False,mask.png
122900,picture,nback,False,grey.png
123000,picture,nback,False,imag19.png
123600,picture,nback,False,grey.png
123700,picture,nback,False,mask.png
123900,picture,nback,False,grey.png
124000,picture,nback,False,imag25.png
124600,picture,nback,False,grey.png
124700,picture,nback,False,mask.png
124900,picture,nback,False,grey.png
125000,picture,nback,False,imag22.png
125600,picture,nback,False,grey.png
125700,picture,nback,False,mask.png
125900,picture,nback,False,grey.png
126000,picture,nback,False,imag26.png
126600,picture,nback,False,grey.png
126700,picture,nback,False,mask.png
126900,picture,nback,False,grey.png
127000,picture,nback,False,imag22.png
127600,picture,nback,False,grey.png
127700,picture,nback,False,mask.png
127900,picture,nback,False,grey.png
128000,picture,nback,False,imag29.png
128600,picture,nback,False,grey.png
128700,picture,nback,False,mask.png
128900,picture,nback,False,grey.png
129000,picture,nback,False,imag21.png
129600,picture,nback,False,grey.png
129700,picture,nback,False,mask.png
129900,picture,nback,False,grey.png
130000,picture,nback,True,imag21.png
130600,picture,nback,False,grey.png
130700,picture,nback,False,mask.png
130900,picture,nback,False,grey.png
131000,picture,nback,False,imag9.png
131600,picture,nback,False,grey.png
131700,picture,nback,False,mask.png
131900,picture,nback,False,grey.png
132000,picture,nback,False,imag5.png
132600,picture,nback,False,grey.png
132700,picture,nback,False,mask.png
132900,picture,nback,False,grey.png
133000,picture,nback,True,imag5.png
133600,picture,nback,False,grey.png
133700,picture,nback,False,mask.png
133900,picture,nback,False,grey.png
134000,picture,nback,False,imag3.png
134600,picture,nback,False,grey.png
134700,picture,nback,False,mask.png
134900,picture,nback,False,grey.png
135000,picture,nback,False,imag16.png
135600,picture,nback,False,grey.png
135700,picture,nback,False,mask.png
135900,picture,nback,False,grey.png
136000,picture,nback,False,imag18.png
136600,picture,nback,False,grey.png
136700,picture,nback,False,mask.png
136900,picture,nback,False,grey.png
137000,picture,nback,False,imag15.png
137600,picture,nback,False,grey.png
137700,picture,nback,False,mask.png
137900,picture,nback,False,grey.png
138000,picture,nback,False,imag0.png
138600,picture,nback,False,grey.png
138700,picture,nback,False,mask.png
138900,picture,nback,False,grey.png
139000,picture,nback,False,imag25.png
139600,picture,nback,False,grey.png
139700,picture,nback,False,mask.png
139900,picture,nback,False,grey.png
140000,picture,nback,True,imag25.png
140600,picture,nback,False,grey.png
140700,picture,nback,False,mask.png
140900,picture,nback,False,grey.png
141000,picture,nback,True,imag25.png
141600,picture,nback,False,grey.png
141700,picture,nback,False,mask.png
141900,picture,nback,False,grey.png
142000,picture,nback,True,imag25.png
142600,picture,nback,False,grey.png
142700,picture,nback,False,mask.png
142900,picture,nback,False,grey.png
143000,picture,nback,False,imag8.png
143600,picture,nback,False,grey.png
143700,picture,nback,False,mask.png
143900,picture,nback,False,grey.png
144000,picture,nback,False,imag6.png
144600,picture,nback,False,grey.png
144700,picture,nback,False,mask.png
144900,picture,nback,False,grey.png
145000,picture,nback,False,imag28.png
145600,picture,nback,False,grey.png
145700,picture,nback,False,mask.png
145900,picture,nback,False,grey.png
146000,picture,nback,False,imag4.png
146600,picture,nback,False,grey.png
146700,picture,nback,False,mask.png
146900,picture,nback,False,grey.png
147000,picture,nback,False,imag21.png
147600,picture,nback,False,grey.png
147700,picture,nback,False,mask.png
147900,picture,nback,False,grey.png
148000,picture,nback,True,imag21.png
148600,picture,nback,False,grey.png
148700,picture,nback,False,mask.png
148900,picture,nback,False,grey.png
149000,picture,nback,True,imag21.png
149600,picture,nback,False,grey.png
149700,picture,nback,False,mask.png
149900,picture,nback,False,grey.png
150000,picture,nback,False,imag19.png
150600,picture,nback,False,grey.png
150700,picture,nback,False,mask.png
150900,picture,nback,False,grey.png
151000,picture,nback,False,imag16.png
151600,picture,nback,False,grey.png
151700,picture,nback,False,mask.png
151900,picture,nback,False,grey.png
152000,picture,nback,False,imag27.png
152600,picture,nback,False,grey.png
152700,picture,nback,False,mask.png
152900,picture,nback,False,grey.png
153000,picture,nback,False,imag29.png
153600,picture,nback,False,grey.png
153700,picture,nback,False,mask.png
153900,picture,nback,False,grey.png
154000,picture,nback,False,imag21.png
154600,picture,nback,False,grey.png
154700,picture,nback,False,mask.png
154900,picture,nback,False,grey.png
155000,picture,nback,False,imag14.png
155600,picture,nback,False,grey.png
155700,picture,nback,False,mask.png
155900,picture,nback,False,grey.png
156000,picture,nback,False,imag6.png
156600,picture,nback,False,grey.png
156700,picture,nback,False,mask.png
156900,picture,nback,False,grey.png
157000,picture,nback,False,imag23.png
157600,picture,nback,False,grey.png
157700,picture,nback,False,mask.png
157900,picture,nback,False,grey.png
158000,picture,nback,False,imag11.png
158600,picture,nback,False,grey.png
158700,picture,nback,False,mask.png
158900,picture,nback,False,grey.png
159000,picture,nback,False,imag2.png
159600,picture,nback,False,grey.png
159700,picture,nback,False,mask.png
159900,picture,nback,False,grey.png
160000,picture,nback,False,imag0.png
160600,picture,nback,False,grey.png
160700,picture,nback,False,mask.png
160900,picture,nback,False,grey.png
161000,picture,nback,False,imag10.png
161600,picture,nback,False,grey.png
161700,picture,nback,False,mask.png
161900,picture,nback,False,grey.png
162000,picture,nback,False,imag18.png
162600,picture,nback,False,grey.png
162700,picture,nback,False,mask.png
162900,picture,nback,False,grey.png
163000,picture,nback,False,imag27.png
163600,picture,nback,False,grey.png
163700,picture,nback,False,mask.png
163900,picture,nback,False,grey.png
164000,picture,nback,False,imag15.png
164600,picture,nback,False,grey.png
164700,picture,nback,False,mask.png
164900,picture,nback,False,grey.png
165000,picture,nback,False,imag29.png
165600,picture,nback,False,grey.png
165700,picture,nback,False,mask.png
165900,picture,nback,False,grey.png
166000,picture,nback,False,imag16.png
166600,picture,nback,False,grey.png
166700,picture,nback,False,mask.png
166900,picture,nback,False,grey.png
167000,picture,nback,False,imag27.png
167600,picture,nback,False,grey.png
167700,picture,nback,False,mask.png
167900,picture,nback,False,grey.png
168000,picture,nback,False,imag28.png
168600,picture,nback,False,grey.png
168700,picture,nback,False,mask.png
168900,picture,nback,False,grey.png
169000,picture,nback,False,imag18.png
169600,picture,nback,False,grey.png
169700,picture,nback,False,mask.png
169900,picture,nback,False,grey.png
170000,picture,nback,False,imag1.png
170600,picture,nback,False,grey.png
170700,picture,nback,False,mask.png
170900,picture,nback,False,grey.png
171000,picture,nback,False,imag13.png
171600,picture,nback,False,grey.png
171700,picture,nback,False,mask.png
171900,picture,nback,False,grey.png
172000,picture,nback,False,imag17.png
172600,picture,nback,False,grey.png
172700,picture,nback,False,mask.png
172900,picture,nback,False,grey.png
173000,picture,nback,False,imag11.png
173600,picture,nback,False,grey.png
173700,picture,nback,False,mask.png
173900,picture,nback,False,grey.png
174000,picture,nback,False,imag8.png
174600,picture,nback,False,grey.png
174700,picture,nback,False,mask.png
174900,picture,nback,False,grey.png
175000,picture,nback,True,imag8.png
175600,picture,nback,False,grey.png
175700,picture,nback,False,mask.png
175900,picture,nback,False,grey.png
176000,picture,nback,False,imag17.png
176600,picture,nback,False,grey.png
176700,picture,nback,False,mask.png
176900,picture,nback,False,grey.png
177000,picture,nback,True,imag17.png
177600,picture,nback,False,grey.png
177700,picture,nback,False,mask.png
177900,picture,nback,False,grey.png
178000,picture,nback,False,imag16.png
178600,picture,nback,False,grey.png
178700,picture,nback,False,mask.png
178900,picture,nback,False,grey.png
179000,picture,nback,False,imag0.png
179600,picture,nback,False,grey.png
179700,picture,nback,False,mask.png
179900,picture,nback,False,grey.png
180000,picture,nback,False,imag16.png
180600,picture,nback,False,grey.png
180700,picture,nback,False,mask.png
180900,picture,nback,False,grey.png
181000,picture,nback,True,imag16.png
181600,picture,nback,False,grey.png
181700,picture,nback,False,mask.png
181900,picture,nback,False,grey.png
182000,picture,nback,False,imag0.png
182600,picture,nback,False,grey.png
182700,picture,nback,False,mask.png
182900,picture,nback,False,grey.png
183000,picture,nback,False,imag15.png
183600,picture,nback,False,grey.png
183700,picture,nback,False,mask.png
183900,picture,nback,False,grey.png
184000,picture,nback,False,imag9.png
184600,picture,nback,False,grey.png
184700,picture,nback,False,mask.png
184900,picture,nback,False,grey.png
185000,picture,nback,True,imag9.png
185600,picture,nback,False,grey.png
185700,picture,nback,False,mask.png
185900,picture,nback,False,grey.png
186000,picture,nback,True,imag9.png
186600,picture,nback,False,grey.png
186700,picture,nback,False,mask.png
186900,picture,nback,False,grey.png
187000,picture,nback,False,imag13.png
187600,picture,nback,False,grey.png
187700,picture,nback,False,mask.png
187900,picture,nback,False,grey.png
188000,picture,nback,False,imag27.png
188600,picture,nback,False,grey.png
188700,picture,nback,False,mask.png
188900,picture,nback,False,grey.png
189000,picture,nback,False,imag18.png
189600,picture,nback,False,grey.png
189700,picture,nback,False,mask.png
189900,picture,nback,False,grey.png
190000,picture,nback,True,imag18.png
190600,picture,nback,False,grey.png
190700,picture,nback,False,mask.png
190900,picture,nback,False,grey.png
191000,picture,nback,False,imag0.png
191600,picture,nback,False,grey.png
191700,picture,nback,False,mask.png
191900,picture,nback,False,grey.png
192000,picture,nback,False,imag7.png
192600,picture,nback,False,grey.png
192700,picture,nback,False,mask.png
192900,picture,nback,False,grey.png
193000,picture,nback,True,imag7.png
193600,picture,nback,False,grey.png
193700,picture,nback,False,mask.png
193900,picture,nback,False,grey.png
194000,picture,nback,True,imag7.png
194600,picture,nback,False,grey.png
194700,picture,nback,False,mask.png
194900,picture,nback,False,grey.png
195000,picture,nback,False,imag21.png
195600,picture,nback,False,grey.png
195700,picture,nback,False,mask.png
195900,picture,nback,False,grey.png
196000,picture,nback,True,imag21.png
196600,picture,nback,False,grey.png
196700,picture,nback,False,mask.png
196900,picture,nback,False,grey.png
197000,picture,nback,False,imag23.png
197600,picture,nback,False,grey.png
197700,picture,nback,False,mask.png
197900,picture,nback,False,grey.png
198000,picture,nback,False,imag7.png
198600,picture,nback,False,grey.png
198700,picture,nback,False,mask.png
198900,picture,nback,False,grey.png
199000,picture,nback,False,imag8.png
199600,picture,nback,False,grey.png
199700,picture,nback,False,mask.png
199900,picture,nback,False,grey.png
200000,picture,nback,False,imag16.png
200600,picture,nback,False,grey.png
200700,picture,nback,False,mask.png
200900,picture,nback,False,grey.png
201000,picture,nback,False,imag0.png
201600,picture,nback,False,grey.png
201700,picture,nback,False,mask.png
201900,picture,nback,False,grey.png
202000,picture,nback,True,imag0.png
202600,picture,nback,False,grey.png
202700,picture,nback,False,mask.png
202900,picture,nback,False,grey.png
203000,picture,nback,True,imag0.png
203600,picture,nback,False,grey.png
203700,picture,nback,False,mask.png
203900,picture,nback,False,grey.png
204000,picture,nback,False,imag13.png
204600,picture,nback,False,grey.png
204700,picture,nback,False,mask.png
204900,picture,nback,False,grey.png
205000,picture,nback,False,imag21.png
205600,picture,nback,False,grey.png
205700,picture,nback,False,mask.png
205900,picture,nback,False,grey.png
206000,picture,nback,False,imag4.png
206600,picture,nback,False,grey.png
206700,picture,nback,False,mask.png
206900,picture,nback,False,grey.png
207000,picture,nback,False,imag5.png
207600,picture,nback,False,grey.png
207700,picture,nback,False,mask.png
207900,picture,nback,False,grey.png
208000,picture,nback,False,imag6.png
208600,picture,nback,False,grey.png
208700,picture,nback,False,mask.png
208900,picture,nback,False,grey.png
209000,picture,nback,False,imag27.png
209600,picture,nback,False,grey.png
209700,picture,nback,False,mask.png
209900,picture,nback,False,grey.png
210000,picture,nback,False,imag20.png
210600,picture,nback,False,grey.png
210700,picture,nback,False,mask.png
210900,picture,nback,False,grey.png
211000,picture,nback,False,imag8.png
211600,picture,nback,False,grey.png
211700,picture,nback,False,mask.png
211900,picture,nback,False,grey.png
212000,picture,nback,False,imag20.png
212600,picture,nback,False,grey.png
212700,picture,nback,False,mask.png
212900,picture,nback,False,grey.png
213000,picture,nback,False,imag6.png
213600,picture,nback,False,grey.png
213700,picture,nback,False,mask.png
213900,picture,nback,False,grey.png
214000,picture,nback,False,imag3.png
214600,picture,nback,False,grey.png
214700,picture,nback,False,mask.png
214900,picture,nback,False,grey.png
215000,picture,nback,True,imag3.png
215600,picture,nback,False,grey.png
215700,picture,nback,False,mask.png
215900,picture,nback,False,grey.png
216000,picture,nback,False,imag22.png
216600,picture,nback,False,grey.png
216700,picture,nback,False,mask.png
216900,picture,nback,False,grey.png
217000,picture,nback,True,imag22.png
217600,picture,nback,False,grey.png
217700,picture,nback,False,mask.png
217900,picture,nback,False,grey.png
218000,picture,nback,False,imag28.png
218600,picture,nback,False,grey.png
218700,picture,nback,False,mask.png
218900,picture,nback,False,grey.png
219000,picture,nback,False,imag23.png
219600,picture,nback,False,grey.png
219700,picture,nback,False,mask.png
219900,picture,nback,False,grey.png
220000,picture,nback,True,imag23.png
220600,picture,nback,False,grey.png
220700,picture,nback,False,mask.png
220900,picture,nback,False,grey.png
221000,picture,nback,True,imag23.png
221600,picture,nback,False,grey.png
221700,picture,nback,False,mask.png
221900,picture,nback,False,grey.png
222000,picture,nback,True,imag23.png
222600,picture,nback,False,grey.png
222700,picture,nback,False,mask.png
222900,picture,nback,False,grey.png
223000,picture,nback,False,imag1.png
223600,picture,nback,False,grey.png
223700,picture,nback,False,mask.png
223900,picture,nback,False,grey.png
224000,picture,nback,True,imag1.png
224600,picture,nback,False,grey.png
224700,picture,nback,False,mask.png
224900,picture,nback,False,grey.png
225000,picture,nback,False,imag24.png
225600,picture,nback,False,grey.png
225700,picture,nback,False,mask.png
225900,picture,nback,False,grey.png
226000,picture,nback,True,imag24.png
226600,picture,nback,False,grey.png
226700,picture,nback,False,mask.png
226900,picture,nback,False,grey.png
227000,picture,nback,False,imag21.png
227600,picture,nback,False,grey.png
227700,picture,nback,False,mask.png
227900,picture,nback,False,grey.png
228000,picture,nback,False,imag19.png
228600,picture,nback,False,grey.png
228700,picture,nback,False,mask.png
228900,picture,nback,False,grey.png
229000,picture,nback,True,imag19.png
229600,picture,nback,False,grey.png
229700,picture,nback,False,mask.png
229900,picture,nback,False,grey.png
230000,picture,nback,False,imag9.png
230600,picture,nback,False,grey.png
230700,picture,nback,False,mask.png
230900,picture,nback,False,grey.png
231000,picture,nback,False,imag20.png
231600,picture,nback,False,grey.png
231700,picture,nback,False,mask.png
231900,picture,nback,False,grey.png
232000,picture,nback,True,imag20.png
232600,picture,nback,False,grey.png
232700,picture,nback,False,mask.png
232900,picture,nback,False,grey.png
233000,picture,nback,False,imag23.png
233600,picture,nback,False,grey.png
233700,picture,nback,False,mask.png
233900,picture,nback,False,grey.png
234000,picture,nback,True,imag23.png
234600,picture,nback,False,grey.png
234700,picture,nback,False,mask.png
234900,picture,nback,False,grey.png
235000,picture,nback,False,imag29.png
235600,picture,nback,False,grey.png
235700,picture,nback,False,mask.png
235900,picture,nback,False,grey.png
236000,picture,nback,False,imag23.png
236600,picture,nback,False,grey.png
236700,picture,nback,False,mask.png
236900,picture,nback,False,grey.png
237000,picture,nback,False,imag10.png
237600,picture,nback,False,grey.png
237700,picture,nback,False,mask.png
237900,picture,nback,False,grey.png
238000,picture,nback,False,imag26.png
238600,picture,nback,False,grey.png
238700,picture,nback,False,mask.png
238900,picture,nback,False,grey.png
239000,picture,nback,False,imag4.png
239600,picture,nback,False,grey.png
239700,picture,nback,False,mask.png
239900,picture,nback,False,grey.png
240000,picture,nback,False,imag25.png
240600,picture,nback,False,grey.png
240700,picture,nback,False,mask.png
240900,picture,nback,False,grey.png
241000,picture,nback,False,imag26.png
241600,picture,nback,False,grey.png
241700,picture,nback,False,mask.png
241900,picture,nback,False,grey.png
242000,picture,nback,False,imag29.png
242600,picture,nback,False,grey.png
242700,picture,nback,False,mask.png
242900,picture,nback,False,grey.png
243000,picture,nback,True,imag29.png
243600,picture,nback,False,grey.png
243700,picture,nback,False,mask.png
243900,picture,nback,False,grey.png
244000,picture,nback,True,imag29.png
244600,picture,nback,False,grey.png
244700,picture,nback,False,mask.png
244900,picture,nback,False,grey.png
245000,picture,nback,False,imag0.png
245600,picture,nback,False,grey.png
245700,picture,nback,False,mask.png
245900,picture,nback,False,grey.png
246000,picture,nback,False,imag23.png
246600,picture,nback,False,grey.png
246700,picture,nback,False,mask.png
246900,picture,nback,False,grey.png
247000,picture,nback,True,imag23.png
247600,picture,nback,False,grey.png
247700,picture,nback,False,mask.png
247900,picture,nback,False,grey.png
248000,picture,nback,True,imag23.png
248600,picture,nback,False,grey.png
248700,picture,nback,False,mask.png
248900,picture,nback,False,grey.png
249000,picture,nback,False,imag1.png
249600,picture,nback,False,grey.png
249700,picture,nback,False,mask.png
249900,picture,nback,False,grey.png
250000,picture,nback,False,imag5.png
250600,picture,nback,False,grey.png
250700,picture,nback,False,mask.png
250900,picture,nback,False,grey.png
251000,picture,nback,True,imag5.png
251600,picture,nback,False,grey.png
251700,picture,nback,False,mask.png
251900,picture,nback,False,grey.png
252000,picture,nback,False,imag19.png
252600,picture,nback,False,grey.png
252700,picture,nback,False,mask.png
252900,picture,nback,False,grey.png
253000,picture,nback,True,imag19.png
253600,picture,nback,False,grey.png
253700,picture,nback,False,mask.png
253900,picture,nback,False,grey.png
254000,picture,nback,False,imag9.png
254600,picture,nback,False,grey.png
254700,picture,nback,False,mask.png
254900,picture,nback,False,grey.png
255000,picture,nback,False,imag22.png
255600,picture,nback,False,grey.png
255700,picture,nback,False,mask.png
255900,picture,nback,False,grey.png
256000,picture,nback,False,imag25.png
256600,picture,nback,False,grey.png
256700,picture,nback,False,mask.png
256900,picture,nback,False,grey.png
257000,picture,nback,False,imag2.png
257600,picture,nback,False,grey.png
257700,picture,nback,False,mask.png
257900,picture,nback,False,grey.png
258000,picture,nback,False,imag24.png
258600,picture,nback,False,grey.png
258700,picture,nback,False,mask.png
258900,picture,nback,False,grey.png
259000,picture,nback,False,imag15.png
259600,picture,nback,False,grey.png
259700,picture,nback,False,mask.png
259900,picture,nback,False,grey.png
260000,picture,nback,False,imag2.png
260600,picture,nback,False,grey.png
260700,picture,nback,False,mask.png
260900,picture,nback,False,grey.png
261000,picture,nback,False,imag20.png
261600,picture,nback,False,grey.png
261700,picture,nback,False,mask.png
261900,picture,nback,False,grey.png
262000,picture,nback,False,imag8.png
262600,picture,nback,False,grey.png
262700,picture,nback,False,mask.png
262900,picture,nback,False,grey.png
263000,picture,nback,False,imag5.png
263600,picture,nback,False,grey.png
263700,picture,nback,False,mask.png
263900,picture,nback,False,grey.png
264000,picture,nback,False,imag9.png
264600,picture,nback,False,grey.png
264700,picture,nback,False,mask.png
264900,picture,nback,False,grey.png
265000,picture,nback,False,imag6.png
265600,picture,nback,False,grey.png
265700,picture,nback,False,mask.png
265900,picture,nback,False,grey.png
266000,picture,nback,False,imag8.png
266600,picture,nback,False,grey.png
266700,picture,nback,False,mask.png
266900,picture,nback,False,grey.png
267000,picture,nback,False,imag2.png
267600,picture,nback,False,grey.png
267700,picture,nback,False,mask.png
267900,picture,nback,False,grey.png
268000,picture,nback,False,imag25.png
268600,picture,nback,False,grey.png
268700,picture,nback,False,mask.png
268900,picture,nback,False,grey.png
269000,picture,nback,False,imag11.png
269600,picture,nback,False,grey.png
269700,picture,nback,False,mask.png
269900,picture,nback,False,grey.png
270000,picture,nback,False,imag22.png
270600,picture,nback,False,grey.png
270700,picture,nback,False,mask.png
270900,picture,nback,False,grey.png
271000,picture,nback,False,imag28.png
271600,picture,nback,False,grey.png
271700,picture,nback,False,mask.png
271900,picture,nback,False,grey.png
272000,picture,nback,False,imag20.png
272600,picture,nback,False,grey.png
272700,picture,nback,False,mask.png
272900,picture,nback,False,grey.png
273000,picture,nback,False,imag21.png
273600,picture,nback,False,grey.png
273700,picture,nback,False,mask.png
273900,picture,nback,False,grey.png
274000,picture,nback,False,imag18.png
274600,picture,nback,False,grey.png
274700,picture,nback,False,mask.png
274900,picture,nback,False,grey.png
275000,picture,nback,False,imag5.png
275600,picture,nback,False,grey.png
275700,picture,nback,False,mask.png
275900,picture,nback,False,grey.png
276000,picture,nback,False,imag20.png
276600,picture,nback,False,grey.png
276700,picture,nback,False,mask.png
276900,picture,nback,False,grey.png
277000,picture,nback,True,imag20.png
277600,picture,nback,False,grey.png
277700,picture,nback,False,mask.png
277900,picture,nback,False,grey.png
278000,picture,nback,True,imag20.png
278600,picture,nback,False,grey.png
278700,picture,nback,False,mask.png
278900,picture,nback,False,grey.png
279000,picture,nback,False,imag11.png
279600,picture,nback,False,grey.png
279700,picture,nback,False,mask.png
279900,picture,nback,False,grey.png
280000,picture,nback,False,imag9.png
280600,picture,nback,False,grey.png
280700,picture,nback,False,mask.png
280900,picture,nback,False,grey.png
281000,picture,nback,False,imag23.png
281600,picture,nback,False,grey.png
281700,picture,nback,False,mask.png
281900,picture,nback,False,grey.png
282000,picture,nback,False,imag25.png
282600,picture,nback,False,grey.png
282700,picture,nback,False,mask.png
282900,picture,nback,False,grey.png
283000,picture,nback,False,imag17.png
283600,picture,nback,False,grey.png
283700,picture,nback,False,mask.png
283900,picture,nback,False,grey.png
284000,picture,nback,False,imag9.png
284600,picture,nback,False,grey.png
284700,picture,nback,False,mask.png
284900,picture,nback,False,grey.png
285000,picture,nback,True,imag9.png
285600,picture,nback,False,grey.png
285700,picture,nback,False,mask.png
285900,picture,nback,False,grey.png
286000,picture,nback,False,imag4.png
286600,picture,nback,False,grey.png
286700,picture,nback,False,mask.png
286900,picture,nback,False,grey.png
287000,picture,nback,False,imag5.png
287600,picture,nback,False,grey.png
287700,picture,nback,False,mask.png
287900,picture,nback,False,grey.png
288000,picture,nback,False,imag6.png
288600,picture,nback,False,grey.png
288700,picture,nback,False,mask.png
288900,picture,nback,False,grey.png
289000,picture,nback,False,imag7.png
289600,picture,nback,False,grey.png
289700,picture,nback,False,mask.png
289900,picture,nback,False,grey.png
290000,picture,nback,False,imag25.png
290600,picture,nback,False,grey.png
290700,picture,nback,False,mask.png
290900,picture,nback,False,grey.png
291000,picture,nback,False,imag23.png
291600,picture,nback,False,grey.png
291700,picture,nback,False,mask.png
291900,picture,nback,False,grey.png
292000,picture,nback,False,imag3.png
292600,picture,nback,False,grey.png
292700,picture,nback,False,mask.png
292900,picture,nback,False,grey.png
293000,picture,nback,True,imag3.png
293600,picture,nback,False,grey.png
293700,picture,nback,False,mask.png
293900,picture,nback,False,grey.png
294000,picture,nback,False,imag29.png
294600,picture,nback,False,grey.png
294700,picture,nback,False,mask.png
294900,picture,nback,False,grey.png
295000,picture,nback,True,imag29.png
295600,picture,nback,False,grey.png
295700,picture,nback,False,mask.png
295900,picture,nback,False,grey.png
296000,picture,nback,False,imag3.png
296600,picture,nback,False,grey.png
296700,picture,nback,False,mask.png
296900,picture,nback,False,grey.png
297000,picture,nback,True,imag3.png
297600,picture,nback,False,grey.png
297700,picture,nback,False,mask.png
297900,picture,nback,False,grey.png
298000,picture,nback,True,imag3.png
298600,picture,nback,False,grey.png
298700,picture,nback,False,mask.png
298900,picture,nback,False,grey.png
299000,picture,nback,True,imag3.png
299600,picture,nback,False,grey.png
299700,picture,nback,False,mask.png
299900,picture,nback,False,grey.png
300000,picture,nback,True,imag3.png
300600,picture,nback,False,grey.png
300700,picture,nback,False,mask.png
300900,picture,nback,False,grey.png
301000,picture,nback,True,imag3.png
301600,picture,nback,False,grey.png
301700,picture,nback,False,mask.png
301900,picture,nback,False,grey.png
302000,picture,nback,False,imag21.png
302600,picture,nback,False,grey.png
302700,picture,nback,False,mask.png
302900,picture,nback,False,grey.png
303000,picture,nback,False,imag7.png
303600,picture,nback,False,grey.png
303700,picture,nback,False,mask.png
303900,picture,nback,False,grey.png
304000,picture,nback,False,imag16.png
304600,picture,nback,False,grey.png
304700,picture,nback,False,mask.png
304900,picture,nback,False,grey.png
305000,picture,nback,False,imag6.png
305600,picture,nback,False,grey.png
305700,picture,nback,False,mask.png
305900,picture,nback,False,grey.png
306000,picture,nback,False,imag2.png
306600,picture,nback,False,grey.png
306700,picture,nback,False,mask.png
306900,picture,nback,False,grey.png
307000,picture,nback,True,imag2.png
307600,picture,nback,False,grey.png
307700,picture,nback,False,mask.png
307900,picture,nback,False,grey.png
308000,picture,nback,False,imag12.png
308600,picture,nback,False,grey.png
308700,picture,nback,False,mask.png
308900,picture,nback,False,grey.png
309000,picture,nback,True,imag12.png
309600,picture,nback,False,grey.png
309700,picture,nback,False,mask.png
309900,picture,nback,False,grey.png
310000,picture,nback,False,imag13.png
310600,picture,nback,False,grey.png
310700,picture,nback,False,mask.png
310900,picture,nback,False,grey.png
311000,picture,nback,False,imag19.png
311600,picture,nback,False,grey.png
311700,picture,nback,False,mask.png
311900,picture,nback,False,grey.png
312000,picture,nback,False,imag26.png
312600,picture,nback,False,grey.png
312700,picture,nback,False,mask.png
312900,picture,nback,False,grey.png
313000,picture,nback,False,imag1.png
313600,picture,nback,False,grey.png
313700,picture,nback,False,mask.png
313900,picture,nback,False,grey.png
314000,picture,nback,True,imag1.png
314600,picture,nback,False,grey.png
314700,picture,nback,False,mask.png
314900,picture,nback,False,grey.png
315000,picture,nback,False,imag22.png
315600,picture,nback,False,grey.png
315700,picture,nback,False,mask.png
315900,picture,nback,False,grey.png
316000,picture,nback,True,imag22.png
316600,picture,nback,False,grey.png
316700,picture,nback,False,mask.png
316900,picture,nback,False,grey.png
317000,picture,nback,False,imag14.png
317600,picture,nback,False,grey.png
317700,picture,nback,False,mask.png
317900,picture,nback,False,grey.png
318000,picture,nback,False,imag18.png
318600,picture,nback,False,grey.png
318700,picture,nback,False,mask.png
318900,picture,nback,False,grey.png
319000,picture,nback,False,imag3.png
319600,picture,nback,False,grey.png
319700,picture,nback,False,mask.png
319900,picture,nback,False,grey.png
320000,picture,nback,False,imag7.png
320600,picture,nback,False,grey.png
320700,picture,nback,False,mask.png
320900,picture,nback,False,grey.png
321000,picture,nback,False,imag26.png
321600,picture,nback,False,grey.png
321700,picture,nback,False,mask.png
321900,picture,nback,False,grey.png
322000,picture,nback,False,imag13.png
322600,picture,nback,False,grey.png
322700,picture,nback,False,mask.png
322900,picture,nback,False,grey.png
323000,picture,nback,True,imag13.png
323600,picture,nback,False,grey.png
323700,picture,nback,False,mask.png
323900,picture,nback,False,grey.png
324000,picture,nback,False,imag5.png
324600,picture,nback,False,grey.png
324700,picture,nback,False,mask.png
324900,picture,nback,False,grey.png
325000,picture,nback,True,imag5.png
325600,picture,nback,False,grey.png
325700,picture,nback,False,mask.png
325900,picture,nback,False,grey.png
326000,picture,nback,False,imag22.png
326600,picture,nback,False,grey.png
326700,picture,nback,False,mask.png
326900,picture,nback,False,grey.png
327000,picture,nback,False,imag28.png
327600,picture,nback,False,grey.png
327700,picture,nback,False,mask.png
327900,picture,nback,False,grey.png
328000,picture,nback,True,imag28.png
328600,picture,nback,False,grey.png
328700,picture,nback,False,mask.png
328900,picture,nback,False,grey.png
329000,picture,nback,False,imag12.png
329600,picture,nback,False,grey.png
329700,picture,nback,False,mask.png
329900,picture,nback,False,grey.png
330000,picture,nback,False,imag17.png
330600,picture,nback,False,grey.png
330700,picture,nback,False,mask.png
330900,picture,nback,False,grey.png
331000,picture,nback,False,imag19.png
331600,picture,nback,False,grey.png
331700,picture,nback,False,mask.png
331900,picture,nback,False,grey.png
332000,picture,nback,False,imag0.png
332600,picture,nback,False,grey.png
332700,picture,nback,False,mask.png
332900,picture,nback,False,grey.png
333000,picture,nback,True,imag0.png
333600,picture,nback,False,grey.png
333700,picture,nback,False,mask.png
333900,picture,nback,False,grey.png
334000,picture,nback,False,imag4.png
334600,picture,nback,False,grey.png
334700,picture,nback,False,mask.png
334900,picture,nback,False,grey.png
335000,picture,nback,False,imag7.png
335600,picture,nback,False,grey.png
335700,picture,nback,False,mask.png
335900,picture,nback,False,grey.png
336000,picture,nback,False,imag15.png
336600,picture,nback,False,grey.png
336700,picture,nback,False,mask.png
336900,picture,nback,False,grey.png
337000,picture,nback,False,imag3.png
337600,picture,nback,False,grey.png
337700,picture,nback,False,mask.png
337900,picture,nback,False,grey.png
338000,picture,nback,False,imag21.png
338600,picture,nback,False,grey.png
338700,picture,nback,False,mask.png
338900,picture,nback,False,grey.png
339000,picture,nback,False,imag14.png
339600,picture,nback,False,grey.png
339700,picture,nback,False,mask.png
339900,picture,nback,False,grey.png
340000,picture,nback,False,imag7.png
340600,picture,nback,False,grey.png
340700,picture,nback,False,mask.png
340900,picture,nback,False,grey.png
341000,picture,nback,False,imag9.png
341600,picture,nback,False,grey.png
341700,picture,nback,False,mask.png
341900,picture,nback,False,grey.png
342000,picture,nback,True,imag9.png
342600,picture,nback,False,grey.png
342700,picture,nback,False,mask.png
342900,picture,nback,False,grey.png
343000,picture,nback,False,imag27.png
343600,picture,nback,False,grey.png
343700,picture,nback,False,mask.png
343900,picture,nback,False,grey.png
344000,picture,nback,False,imag19.png
344600,picture,nback,False,grey.png
344700,picture,nback,False,mask.png
344900,picture,nback,False,grey.png
345000,picture,nback,True,imag19.png
345600,picture,nback,False,grey.png
345700,picture,nback,False,mask.png
345900,picture,nback,False,grey.png
346000,picture,nback,False,imag5.png
346600,picture,nback,False,grey.png
346700,picture,nback,False,mask.png
346900,picture,nback,False,grey.png
347000,picture,nback,False,imag0.png
347600,picture,nback,False,grey.png
347700,picture,nback,False,mask.png
347900,picture,nback,False,grey.png
348000,picture,nback,False,imag29.png
348600,picture,nback,False,grey.png
348700,picture,nback,False,mask.png
348900,picture,nback,False,grey.png
349000,picture,nback,False,imag22.png
349600,picture,nback,False,grey.png
349700,picture,nback,False,mask.png
349900,picture,nback,False,grey.png
350000,picture,nback,False,imag8.png
350600,picture,nback,False,grey.png
350700,picture,nback,False,mask.png
350900,picture,nback,False,grey.png
351000,picture,nback,False,imag24.png
351600,picture,nback,False,grey.png
351700,picture,nback,False,mask.png
351900,picture,nback,False,grey.png
352000,picture,nback,False,imag12.png
352600,picture,nback,False,grey.png
352700,picture,nback,False,mask.png
352900,picture,nback,False,grey.png
353000,picture,nback,False,imag6.png
353600,picture,nback,False,grey.png
353700,picture,nback,False,mask.png
353900,picture,nback,False,grey.png
354000,picture,nback,False,imag9.png
354600,picture,nback,False,grey.png
354700,picture,nback,False,mask.png
354900,picture,nback,False,grey.png
355000,picture,nback,True,imag9.png
355600,picture,nback,False,grey.png
355700,picture,nback,False,mask.png
355900,picture,nback,False,grey.png
356000,picture,nback,False,imag3.png
356600,picture,nback,False,grey.png
356700,picture,nback,False,mask.png
356900,picture,nback,False,grey.png
357000,picture,nback,False,imag10.png
357600,picture,nback,False,grey.png
357700,picture,nback,False,mask.png
357900,picture,nback,False,grey.png
358000,picture,nback,False,imag3.png
358600,picture,nback,False,grey.png
358700,picture,nback,False,mask.png
358900,picture,nback,False,grey.png
359000,picture,nback,False,imag18.png
359600,picture,nback,False,grey.png
359700,picture,nback,False,mask.png
359900,picture,nback,False,grey.png
360000,picture,nback,False,imag1.png
360600,picture,nback,False,grey.png
360700,picture,nback,False,mask.png
360900,picture,nback,False,grey.png
361000,picture,nback,True,imag1.png
361600,picture,nback,False,grey.png
361700,picture,nback,False,mask.png
361900,picture,nback,False,grey.png
362000,picture,nback,False,imag8.png
362600,picture,nback,False,grey.png
362700,picture,nback,False,mask.png
362900,picture,nback,False,grey.png
363000,picture,nback,False,imag4.png
363600,picture,nback,False,grey.png
363700,picture,nback,False,mask.png
363900,picture,nback,False,grey.png
364000,picture,nback,False,imag12.png
364600,picture,nback,False,grey.png
364700,picture,nback,False,mask.png
364900,picture,nback,False,grey.png
365000,picture,nback,False,imag18.png
365600,picture,nback,False,grey.png
365700,picture,nback,False,mask.png
365900,picture,nback,False,grey.png
366000,picture,nback,False,imag4.png
366600,picture,nback,False,grey.png
366700,picture,nback,False,mask.png
366900,picture,nback,False,grey.png
367000,picture,nback,True,imag4.png
367600,picture,nback,False,grey.png
367700,picture,nback,False,mask.png
367900,picture,nback,False,grey.png
368000,picture,nback,False,imag13.png
368600,picture,nback,False,grey.png
368700,picture,nback,False,mask.png
368900,picture,nback,False,grey.png
369000,picture,nback,False,imag12.png
369600,picture,nback,False,grey.png
369700,picture,nback,False,mask.png
369900,picture,nback,False,grey.png
370000,picture,nback,False,imag3.png
370600,picture,nback,False,grey.png
370700,picture,nback,False,mask.png
370900,picture,nback,False,grey.png
371000,picture,nback,False,imag12.png
371600,picture,nback,False,grey.png
371700,picture,nback,False,mask.png
371900,picture,nback,False,grey.png
372000,picture,nback,False,imag2.png
372600,picture,nback,False,grey.png
372700,picture,nback,False,mask.png
372900,picture,nback,False,grey.png
373000,picture,nback,False,imag20.png
373600,picture,nback,False,grey.png
373700,picture,nback,False,mask.png
373900,picture,nback,False,grey.png
374000,picture,nback,False,imag0.png
374600,picture,nback,False,grey.png
374700,picture,nback,False,mask.png
374900,picture,nback,False,grey.png
375000,picture,nback,False,imag25.png
375600,picture,nback,False,grey.png
375700,picture,nback,False,mask.png
375900,picture,nback,False,grey.png
376000,picture,nback,False,imag4.png
376600,picture,nback,False,grey.png
376700,picture,nback,False,mask.png
376900,picture,nback,False,grey.png
377000,picture,nback,True,imag4.png
377600,picture,nback,False,grey.png
377700,picture,nback,False,mask.png
377900,picture,nback,False,grey.png
378000,picture,nback,True,imag4.png
378600,picture,nback,False,grey.png
378700,picture,nback,False,mask.png
378900,picture,nback,False,grey.png
379000,picture,nback,True,imag4.png
379600,picture,nback,False,grey.png
379700,picture,nback,False,mask.png
379900,picture,nback,False,grey.png
380000,picture,nback,False,imag21.png
380600,picture,nback,False,grey.png
380700,picture,nback,False,mask.png
380900,picture,nback,False,grey.png
381000,picture,nback,False,imag5.png
381600,picture,nback,False,grey.png
381700,picture,nback,False,mask.png
381900,picture,nback,False,grey.png
382000,picture,nback,True,imag5.png
382600,picture,nback,False,grey.png
382700,picture,nback,False,mask.png
382900,picture,nback,False,grey.png
383000,picture,nback,False,imag14.png
383600,picture,nback,False,grey.png
383700,picture,nback,False,mask.png
383900,picture,nback,False,grey.png
384000,picture,nback,False,imag12.png
384600,picture,nback,False,grey.png
384700,picture,nback,False,mask.png
384900,picture,nback,False,grey.png
385000,picture,nback,False,imag0.png
385600,picture,nback,False,grey.png
385700,picture,nback,False,mask.png
385900,picture,nback,False,grey.png
386000,picture,nback,False,imag1.png
386600,picture,nback,False,grey.png
386700,picture,nback,False,mask.png
386900,picture,nback,False,grey.png
387000,picture,nback,False,imag2.png
387600,picture,nback,False,grey.png
387700,picture,nback,False,mask.png
387900,picture,nback,False,grey.png
388000,picture,nback,False,imag27.png
388600,picture,nback,False,grey.png
388700,picture,nback,False,mask.png
388900,picture,nback,False,grey.png
389000,picture,nback,False,imag24.png
389600,picture,nback,False,grey.png
389700,picture,nback,False,mask.png
389900,picture,nback,False,grey.png
390000,picture,nback,False,imag21.png
390600,picture,nback,False,grey.png
390700,picture,nback,False,mask.png
390900,picture,nback,False,grey.png
391000,picture,nback,False,imag29.png
391600,picture,nback,False,grey.png
391700,picture,nback,False,mask.png
391900,picture,nback,False,grey.png
392000,picture,nback,False,imag28.png
392600,picture,nback,False,grey.png
392700,picture,nback,False,mask.png
392900,picture,nback,False,grey.png
393000,picture,nback,True,imag28.png
393600,picture,nback,False,grey.png
393700,picture,nback,False,mask.png
393900,picture,nback,False,grey.png
394000,picture,nback,False,imag12.png
394600,picture,nback,False,grey.png
394700,picture,nback,False,mask.png
394900,picture,nback,False,grey.png
395000,picture,nback,False,imag28.png
395600,picture,nback,False,grey.png
395700,picture,nback,False,mask.png
395900,picture,nback,False,grey.png
396000,picture,nback,False,imag22.png
396600,picture,nback,False,grey.png
396700,picture,nback,False,mask.png
396900,picture,nback,False,grey.png
397000,picture,nback,False,imag16.png
397600,picture,nback,False,grey.png
397700,picture,nback,False,mask.png
397900,picture,nback,False,grey.png
398000,picture,nback,False,imag3.png
398600,picture,nback,False,grey.png
398700,picture,nback,False,mask.png
398900,picture,nback,False,grey.png
399000,picture,nback,True,imag3.png
399600,picture,nback,False,grey.png
399700,picture,nback,False,mask.png
399900,picture,nback,False,grey.png
400000,picture,nback,False,imag14.png
400600,picture,nback,False,grey.png
400700,picture,nback,False,mask.png
400900,picture,nback,False,grey.png
401000,picture,nback,False,imag24.png
401600,picture,nback,False,grey.png
401700,picture,nback,False,mask.png
401900,picture,nback,False,grey.png
402000,picture,nback,False,imag29.png
