2000,picture,imag13.png
2600,picture,grey.png
2700,picture,mask.png
2900,picture,grey.png
3000,picture,imag4.png
3600,picture,grey.png
3700,picture,mask.png
3900,picture,grey.png
4000,picture,imag24.png
4600,picture,grey.png
4700,picture,mask.png
4900,picture,grey.png
5000,picture,imag19.png
5600,picture,grey.png
5700,picture,mask.png
5900,picture,grey.png
6000,picture,imag28.png
6600,picture,grey.png
6700,picture,mask.png
6900,picture,grey.png
7000,picture,imag28.png
7600,picture,grey.png
7700,picture,mask.png
7900,picture,grey.png
8000,picture,imag25.png
8600,picture,grey.png
8700,picture,mask.png
8900,picture,grey.png
9000,picture,imag2.png
9600,picture,grey.png
9700,picture,mask.png
9900,picture,grey.png
10000,picture,imag3.png
10600,picture,grey.png
10700,picture,mask.png
10900,picture,grey.png
11000,picture,imag13.png
11600,picture,grey.png
11700,picture,mask.png
11900,picture,grey.png
12000,picture,imag21.png
12600,picture,grey.png
12700,picture,mask.png
12900,picture,grey.png
13000,picture,imag26.png
13600,picture,grey.png
13700,picture,mask.png
13900,picture,grey.png
14000,picture,imag16.png
14600,picture,grey.png
14700,picture,mask.png
14900,picture,grey.png
15000,picture,imag16.png
15600,picture,grey.png
15700,picture,mask.png
15900,picture,grey.png
16000,picture,imag29.png
16600,picture,grey.png
16700,picture,mask.png
16900,picture,grey.png
17000,picture,imag29.png
17600,picture,grey.png
17700,picture,mask.png
17900,picture,grey.png
18000,picture,imag21.png
18600,picture,grey.png
18700,picture,mask.png
18900,picture,grey.png
19000,picture,imag13.png
19600,picture,grey.png
19700,picture,mask.png
19900,picture,grey.png
20000,picture,imag5.png
20600,picture,grey.png
20700,picture,mask.png
20900,picture,grey.png
21000,picture,imag24.png
21600,picture,grey.png
21700,picture,mask.png
21900,picture,grey.png
22000,picture,imag24.png
22600,picture,grey.png
22700,picture,mask.png
22900,picture,grey.png
23000,picture,imag17.png
23600,picture,grey.png
23700,picture,mask.png
23900,picture,grey.png
24000,picture,imag4.png
24600,picture,grey.png
24700,picture,mask.png
24900,picture,grey.png
25000,picture,imag11.png
25600,picture,grey.png
25700,picture,mask.png
25900,picture,grey.png
26000,picture,imag6.png
26600,picture,grey.png
26700,picture,mask.png
26900,picture,grey.png
27000,picture,imag11.png
27600,picture,grey.png
27700,picture,mask.png
27900,picture,grey.png
28000,picture,imag18.png
28600,picture,grey.png
28700,picture,mask.png
28900,picture,grey.png
29000,picture,imag21.png
29600,picture,grey.png
29700,picture,mask.png
29900,picture,grey.png
30000,picture,imag18.png
30600,picture,grey.png
30700,picture,mask.png
30900,picture,grey.png
31000,picture,imag18.png
31600,picture,grey.png
31700,picture,mask.png
31900,picture,grey.png
32000,picture,imag21.png
32600,picture,grey.png
32700,picture,mask.png
32900,picture,grey.png
33000,picture,imag21.png
33600,picture,grey.png
33700,picture,mask.png
33900,picture,grey.png
34000,picture,imag25.png
34600,picture,grey.png
34700,picture,mask.png
34900,picture,grey.png
35000,picture,imag25.png
35600,picture,grey.png
35700,picture,mask.png
35900,picture,grey.png
36000,picture,imag10.png
36600,picture,grey.png
36700,picture,mask.png
36900,picture,grey.png
37000,picture,imag27.png
37600,picture,grey.png
37700,picture,mask.png
37900,picture,grey.png
38000,picture,imag12.png
38600,picture,grey.png
38700,picture,mask.png
38900,picture,grey.png
39000,picture,imag27.png
39600,picture,grey.png
39700,picture,mask.png
39900,picture,grey.png
40000,picture,imag28.png
40600,picture,grey.png
40700,picture,mask.png
40900,picture,grey.png
41000,picture,imag3.png
41600,picture,grey.png
41700,picture,mask.png
41900,picture,grey.png
42000,picture,imag10.png
42600,picture,grey.png
42700,picture,mask.png
42900,picture,grey.png
43000,picture,imag9.png
43600,picture,grey.png
43700,picture,mask.png
43900,picture,grey.png
44000,picture,imag27.png
44600,picture,grey.png
44700,picture,mask.png
44900,picture,grey.png
45000,picture,imag27.png
45600,picture,grey.png
45700,picture,mask.png
45900,picture,grey.png
46000,picture,imag14.png
46600,picture,grey.png
46700,picture,mask.png
46900,picture,grey.png
47000,picture,imag14.png
47600,picture,grey.png
47700,picture,mask.png
47900,picture,grey.png
48000,picture,imag27.png
48600,picture,grey.png
48700,picture,mask.png
48900,picture,grey.png
49000,picture,imag1.png
49600,picture,grey.png
49700,picture,mask.png
49900,picture,grey.png
50000,picture,imag24.png
50600,picture,grey.png
50700,picture,mask.png
50900,picture,grey.png
51000,picture,imag16.png
51600,picture,grey.png
51700,picture,mask.png
51900,picture,grey.png
52000,picture,imag16.png
52600,picture,grey.png
52700,picture,mask.png
52900,picture,grey.png
53000,picture,imag1.png
53600,picture,grey.png
53700,picture,mask.png
53900,picture,grey.png
54000,picture,imag19.png
54600,picture,grey.png
54700,picture,mask.png
54900,picture,grey.png
55000,picture,imag17.png
55600,picture,grey.png
55700,picture,mask.png
55900,picture,grey.png
56000,picture,imag18.png
56600,picture,grey.png
56700,picture,mask.png
56900,picture,grey.png
57000,picture,imag18.png
57600,picture,grey.png
57700,picture,mask.png
57900,picture,grey.png
58000,picture,imag13.png
58600,picture,grey.png
58700,picture,mask.png
58900,picture,grey.png
59000,picture,imag13.png
59600,picture,grey.png
59700,picture,mask.png
59900,picture,grey.png
60000,picture,imag19.png
60600,picture,grey.png
60700,picture,mask.png
60900,picture,grey.png
61000,picture,imag2.png
61600,picture,grey.png
61700,picture,mask.png
61900,picture,grey.png
62000,picture,imag7.png
62600,picture,grey.png
62700,picture,mask.png
62900,picture,grey.png
63000,picture,imag29.png
63600,picture,grey.png
63700,picture,mask.png
63900,picture,grey.png
64000,picture,imag19.png
64600,picture,grey.png
64700,picture,mask.png
64900,picture,grey.png
65000,picture,imag6.png
65600,picture,grey.png
65700,picture,mask.png
65900,picture,grey.png
66000,picture,imag14.png
66600,picture,grey.png
66700,picture,mask.png
66900,picture,grey.png
67000,picture,imag24.png
67600,picture,grey.png
67700,picture,mask.png
67900,picture,grey.png
68000,picture,imag8.png
68600,picture,grey.png
68700,picture,mask.png
68900,picture,grey.png
69000,picture,imag29.png
69600,picture,grey.png
69700,picture,mask.png
69900,picture,grey.png
70000,picture,imag10.png
70600,picture,grey.png
70700,picture,mask.png
70900,picture,grey.png
71000,picture,imag10.png
71600,picture,grey.png
71700,picture,mask.png
71900,picture,grey.png
72000,picture,imag11.png
72600,picture,grey.png
72700,picture,mask.png
72900,picture,grey.png
73000,picture,imag0.png
73600,picture,grey.png
73700,picture,mask.png
73900,picture,grey.png
74000,picture,imag8.png
74600,picture,grey.png
74700,picture,mask.png
74900,picture,grey.png
75000,picture,imag12.png
75600,picture,grey.png
75700,picture,mask.png
75900,picture,grey.png
76000,picture,imag4.png
76600,picture,grey.png
76700,picture,mask.png
76900,picture,grey.png
77000,picture,imag23.png
77600,picture,grey.png
77700,picture,mask.png
77900,picture,grey.png
78000,picture,imag27.png
78600,picture,grey.png
78700,picture,mask.png
78900,picture,grey.png
79000,picture,imag22.png
79600,picture,grey.png
79700,picture,mask.png
79900,picture,grey.png
80000,picture,imag17.png
80600,picture,grey.png
80700,picture,mask.png
80900,picture,grey.png
81000,picture,imag26.png
81600,picture,grey.png
81700,picture,mask.png
81900,picture,grey.png
82000,picture,imag26.png
82600,picture,grey.png
82700,picture,mask.png
82900,picture,grey.png
83000,picture,imag27.png
83600,picture,grey.png
83700,picture,mask.png
83900,picture,grey.png
84000,picture,imag25.png
84600,picture,grey.png
84700,picture,mask.png
84900,picture,grey.png
85000,picture,imag25.png
85600,picture,grey.png
85700,picture,mask.png
85900,picture,grey.png
86000,picture,imag9.png
86600,picture,grey.png
86700,picture,mask.png
86900,picture,grey.png
87000,picture,imag28.png
87600,picture,grey.png
87700,picture,mask.png
87900,picture,grey.png
88000,picture,imag10.png
88600,picture,grey.png
88700,picture,mask.png
88900,picture,grey.png
89000,picture,imag5.png
89600,picture,grey.png
89700,picture,mask.png
89900,picture,grey.png
90000,picture,imag24.png
90600,picture,grey.png
90700,picture,mask.png
90900,picture,grey.png
91000,picture,imag18.png
91600,picture,grey.png
91700,picture,mask.png
91900,picture,grey.png
92000,picture,imag18.png
92600,picture,grey.png
92700,picture,mask.png
92900,picture,grey.png
93000,picture,imag26.png
93600,picture,grey.png
93700,picture,mask.png
93900,picture,grey.png
94000,picture,imag26.png
94600,picture,grey.png
94700,picture,mask.png
94900,picture,grey.png
95000,picture,imag14.png
95600,picture,grey.png
95700,picture,mask.png
95900,picture,grey.png
96000,picture,imag26.png
96600,picture,grey.png
96700,picture,mask.png
96900,picture,grey.png
97000,picture,imag17.png
97600,picture,grey.png
97700,picture,mask.png
97900,picture,grey.png
98000,picture,imag17.png
98600,picture,grey.png
98700,picture,mask.png
98900,picture,grey.png
99000,picture,imag17.png
99600,picture,grey.png
99700,picture,mask.png
99900,picture,grey.png
100000,picture,imag11.png
100600,picture,grey.png
100700,picture,mask.png
100900,picture,grey.png
101000,picture,imag24.png
101600,picture,grey.png
101700,picture,mask.png
101900,picture,grey.png
102000,picture,imag23.png
102600,picture,grey.png
102700,picture,mask.png
102900,picture,grey.png
103000,picture,imag22.png
103600,picture,grey.png
103700,picture,mask.png
103900,picture,grey.png
104000,picture,imag22.png
104600,picture,grey.png
104700,picture,mask.png
104900,picture,grey.png
105000,picture,imag11.png
105600,picture,grey.png
105700,picture,mask.png
105900,picture,grey.png
106000,picture,imag13.png
106600,picture,grey.png
106700,picture,mask.png
106900,picture,grey.png
107000,picture,imag5.png
107600,picture,grey.png
107700,picture,mask.png
107900,picture,grey.png
108000,picture,imag5.png
108600,picture,grey.png
108700,picture,mask.png
108900,picture,grey.png
109000,picture,imag26.png
109600,picture,grey.png
109700,picture,mask.png
109900,picture,grey.png
110000,picture,imag19.png
110600,picture,grey.png
110700,picture,mask.png
110900,picture,grey.png
111000,picture,imag25.png
111600,picture,grey.png
111700,picture,mask.png
111900,picture,grey.png
112000,picture,imag22.png
112600,picture,grey.png
112700,picture,mask.png
112900,picture,grey.png
113000,picture,imag26.png
113600,picture,grey.png
113700,picture,mask.png
113900,picture,grey.png
114000,picture,imag22.png
114600,picture,grey.png
114700,picture,mask.png
114900,picture,grey.png
115000,picture,imag29.png
115600,picture,grey.png
115700,picture,mask.png
115900,picture,grey.png
116000,picture,imag21.png
116600,picture,grey.png
116700,picture,mask.png
116900,picture,grey.png
117000,picture,imag21.png
117600,picture,grey.png
117700,picture,mask.png
